Cycle,Phase,Training Topic,Task ID,Task / Activity,Task Type,What the New Joinee Will Do,Mandatory Before Independent Cases?,Evidence / Output,Competency Standard,Task Weight %,Critical Gate?,Completion Status,Completion %,Competency Score /4,Competency %,Assessor,Date Assessed,Feedback / Development Goal,Reattempt Required?,Evidence Link / Reference,Case Clearance Relevance,Weighted Completion Contribution,Weighted Competency Contribution
C1,Phase 1 - Foundation,"1. Role, Scope, Ethics & Professional Boundaries",1.1,Role Mapping,Learning exposure,"Map Well-being responsibilities against Mentor, SC, TL, Principal, teacher and external professionals.",No,Role map + TL discussion,"Clarifies role, scope and boundaries.",1,TRUE,Not Started,0,,,,,,No,,Development,0,
C1,Phase 1 - Foundation,"1. Role, Scope, Ethics & Professional Boundaries",1.2,Boundary Casebook,Practice,"Respond to 8-10 situations involving confidentiality, student requests, parents, teachers, academic concerns, behaviour and wellbeing.",Yes,Completed casebook + rubric,Makes safe boundary decisions without critical errors.,3,TRUE,Not Started,0,,,,,,No,,Gate / Required,0,
C1,Phase 1 - Foundation,"1. Role, Scope, Ethics & Professional Boundaries",1.3,Confidentiality & Escalation,Demonstration,"Respond to 5 scenarios: what remains confidential, what must be shared, and with whom.",Yes,Scenario rubric + viva,No critical confidentiality/safeguarding error; identifies correct escalation.,4,TRUE,Not Started,0,,,,,,No,,Gate / Required,0,
C1,Phase 1 - Foundation,"1. Role, Scope, Ethics & Professional Boundaries",1.4,Professional Practice Statement,Practice,Create a one-page set of professional non-negotiables.,No,Practice statement + discussion,Shows understanding of professional boundaries and responsibilities.,1,FALSE,Not Started,0,,,,,,No,,Development,0,
C1,Phase 1 - Foundation,2. Fountainhead Well-being Ecosystem & Response System,2.1,Well-being Pyramid,Learning exposure,Understand Classroom Guidance → Intentional Guidance → Individual Support → Specialised Intervention.,No,Discussion/viva,Explains purpose and sequence.,2,FALSE,Not Started,0,,,,,,No,,Development,0,
C1,Phase 1 - Foundation,2. Fountainhead Well-being Ecosystem & Response System,2.2,JS Referral Process,Practice,Work through a complete JS referral pathway using a case.,Yes,Completed referral case + observation,Correctly follows pathway and identifies stakeholders.,2,TRUE,Not Started,0,,,,,,No,,Gate / Required,0,
C1,Phase 1 - Foundation,2. Fountainhead Well-being Ecosystem & Response System,2.3,SS Referral Process,Practice,"Work through teacher, parent and student referral routes.",Yes,Completed referral case + observation,Correctly follows pathway and escalation points.,2,TRUE,Not Started,0,,,,,,No,,Gate / Required,0,
C1,Phase 1 - Foundation,2. Fountainhead Well-being Ecosystem & Response System,2.4,Referral Decision Lab,Demonstration,Respond to 8-10 cases and decide: monitor / intervene / collaborate / refer / escalate.,Yes,Case decision rubric,At least 80% appropriate decisions; no critical escalation error.,4,TRUE,Not Started,0,,,,,,No,,Gate / Required,0,
C1,Phase 1 - Foundation,2. Fountainhead Well-being Ecosystem & Response System,2.5,Stakeholder Map,Practice,Identify who needs to be involved at each stage.,No,Stakeholder map,Correctly identifies relevant stakeholders.,1,FALSE,Not Started,0,,,,,,No,,Development,0,
C1,Phase 1 - Foundation,3. School Systems & Documentation Systems,3.1,Nucleus Navigation,Practice,"Locate intervention forms, counselor entry forms, case history and relevant records.",No,Observed system task,Can independently locate and use required systems.,2,FALSE,Not Started,0,,,,,,No,,Development,0,
C1,Phase 1 - Foundation,3. School Systems & Documentation Systems,3.2,Case Entry,Demonstration,Complete a case record using an approved case after TL review.,Yes,Mock/approved case entry,"Documentation is objective, relevant, confidential and complete.",4,TRUE,Not Started,0,,,,,,No,,Gate / Required,0,
C2,Phase 1 - Foundation,3. School Systems & Documentation Systems,3.3,Documentation Audit,Demonstration,"Review a case note for objectivity, relevance, confidentiality and completeness; correct errors.",Yes,Audit rubric,Identifies and corrects documentation errors.,2,TRUE,Not Started,0,,,,,,No,,Gate / Required,0,
C2,Phase 1 - Foundation,4. Understanding & Formulating a Student Case,4.1,Structured Observation 1,Learning exposure,Observe one student across a structured context.,No,Observation record,Separates observable behaviour from interpretation.,2,FALSE,Not Started,0,,,,,,No,,Development,0,
C2,Phase 1 - Foundation,4. Understanding & Formulating a Student Case,4.2,Structured Observation 2,Learning exposure,Observe a second student/context different from the first.,No,Observation record,Separates observation from interpretation.,2,FALSE,Not Started,0,,,,,,No,,Development,0,
C2,Phase 1 - Foundation,4. Understanding & Formulating a Student Case,4.3,Student Voice Conversation,Demonstration,Conduct a structured conversation to understand the student's perspective.,Yes,Observation + student voice record,Uses appropriate questions; preserves student agency.,3,TRUE,Not Started,0,,,,,,No,,Gate / Required,0,
C2,Phase 1 - Foundation,4. Understanding & Formulating a Student Case,4.4,Stakeholder Conversation,Demonstration,Speak with relevant teacher/Mentor/MOM to gather contextual information.,Yes,Meeting record + observation,Gathers multiple perspectives without premature conclusions.,2,TRUE,Not Started,0,,,,,,No,,Gate / Required,0,
C2,Phase 1 - Foundation,4. Understanding & Formulating a Student Case,4.5,Case Formulation,Demonstration,"Record strengths, presenting concern, patterns, contributing factors, protective factors, assumptions and missing information.",Yes,Case formulation rubric,Distinguishes observation from interpretation; identifies missing information; avoids labels.,3,TRUE,Not Started,0,,,,,,No,,Gate / Required,0,
C2,Phase 1 - Foundation,4. Understanding & Formulating a Student Case,4.6,Formulation Conference,Demonstration,Present the case to TL and revise formulation based on feedback.,Yes,Conference notes + revised formulation,Can defend reasoning and incorporate feedback.,1,TRUE,Not Started,0,,,,,,No,,Gate / Required,0,
C3,Phase 2 - Skill Development,5. Counseling & Helping Conversations,5.1,Observe Session 1 - Structure,Learning exposure,Observe counselling session focusing on structure and flow.,No,Observation sheet,"Identifies opening, middle, closure and purpose.",1,FALSE,Not Started,0,,,,,,No,,Development,0,
C3,Phase 2 - Skill Development,5. Counseling & Helping Conversations,5.2,Observe Session 2 - Listening,Learning exposure,Observe counselling session focusing on listening and attending.,No,Observation sheet,Identifies effective listening behaviours.,1,FALSE,Not Started,0,,,,,,No,,Development,0,
C3,Phase 2 - Skill Development,5. Counseling & Helping Conversations,5.3,Observe Session 3 - Questioning,Learning exposure,Observe counselling session focusing on questioning.,No,Observation sheet,Identifies appropriate versus leading/over-directive questions.,1,FALSE,Not Started,0,,,,,,No,,Development,0,
C3,Phase 2 - Skill Development,5. Counseling & Helping Conversations,5.4,Observe Session 4 - Intervention,Learning exposure,Observe counselling session focusing on intervention choices.,No,Observation sheet,Connects intervention to presenting concern.,1,FALSE,Not Started,0,,,,,,No,,Development,0,
C3,Phase 2 - Skill Development,5. Counseling & Helping Conversations,5.5,Observe Session 5 - Closure/Follow-up,Learning exposure,Observe counselling session focusing on closure and follow-up.,No,Observation sheet,Identifies purposeful closure and next steps.,1,FALSE,Not Started,0,,,,,,No,,Development,0,
C3,Phase 2 - Skill Development,5. Counseling & Helping Conversations,5.6,Micro-skills Practice,Practice,"Practise paraphrasing, summarising, reflecting emotion, open questioning and use of silence.",No,Practice rubric,Demonstrates core micro-skills with appropriate timing.,2,TRUE,Not Started,0,,,,,,No,,Development,0,
C3,Phase 2 - Skill Development,5. Counseling & Helping Conversations,5.7,Role Play - Reluctant Student,Practice,Respond to a reluctant student.,No,Role-play rubric,Builds rapport without forcing disclosure.,1,FALSE,Not Started,0,,,,,,No,,Development,0,
C3,Phase 2 - Skill Development,5. Counseling & Helping Conversations,5.8,Role Play - Defensive/Angry Student,Practice,Respond to a defensive or angry student.,No,Role-play rubric,"Maintains calm, boundaries and student dignity.",1,FALSE,Not Started,0,,,,,,No,,Development,0,
C4,Phase 2 - Skill Development,5. Counseling & Helping Conversations,5.9,Role Play - Emotionally Overwhelmed Student,Practice,Respond to an emotionally overwhelmed student.,Yes,Role-play rubric,"Provides containment, assesses immediate concern and escalates appropriately.",1,TRUE,Not Started,0,,,,,,No,,Gate / Required,0,
C4,Phase 2 - Skill Development,5. Counseling & Helping Conversations,5.1,Role Play - 'I Don't Know' Student,Practice,Respond when a student repeatedly says 'I don't know'.,No,Role-play rubric,Uses appropriate prompts without interrogating.,1,FALSE,Not Started,0,,,,,,No,,Development,0,
C4,Phase 2 - Skill Development,5. Counseling & Helping Conversations,5.11,Role Play - Direct Advice-Seeking Student,Practice,Respond to a student seeking direct advice.,No,Role-play rubric,Supports student agency rather than becoming directive.,1,FALSE,Not Started,0,,,,,,No,,Development,0,
C4,Phase 2 - Skill Development,5. Counseling & Helping Conversations,5.12,Trauma-Informed Practice,Practice,"Complete the school's required trauma-informed intervention learning/certification, where applicable.",Yes,Certificate + application discussion,Applies trauma-informed principles appropriately; understands limits of role.,2,TRUE,Not Started,0,,,,,,No,,Gate / Required,0,
C4,Phase 2 - Skill Development,5. Counseling & Helping Conversations,5.13,Motivational Interviewing,Practice,"Complete the school's required Motivational Interviewing learning/certification, where applicable.",No,Certificate + observed/application task,Uses MI-consistent communication rather than persuasion.,1,FALSE,Not Started,0,,,,,,No,,Development,0,
C4,Phase 2 - Skill Development,"7. Collaboration, Parent Communication & External Referral",7.1,Observe Teacher/Mentor Meeting,Learning exposure,Observe one adult meeting with focus on consultation and professional communication.,No,Meeting observation,Communicates objectively and maintains confidentiality.,1,FALSE,Not Started,0,,,,,,No,,Development,0,
C4,Phase 2 - Skill Development,"7. Collaboration, Parent Communication & External Referral",7.2,Observe Parent Meeting,Learning exposure,Observe one parent meeting with focus on boundaries and communication.,No,Meeting observation,Maintains boundaries and avoids overpromising.,1,FALSE,Not Started,0,,,,,,No,,Development,0,
C5,Phase 2 - Skill Development,5. Counseling & Helping Conversations,5.14,Real Student Session - Attempt 1,Demonstration,Conduct a real student counselling session under observation.,Yes,Observed-session rubric,Meets minimum safe counselling standard; no critical error.,3,TRUE,Not Started,0,,,,,,No,,Gate / Required,0,
C5,Phase 2 - Skill Development,5. Counseling & Helping Conversations,5.15,Feedback & Improvement Goals,Practice,Receive feedback and identify 2-3 specific improvement goals.,No,Feedback record,Can identify concrete changes rather than generic reflection.,1,FALSE,Not Started,0,,,,,,No,,Development,0,
C5,Phase 2 - Skill Development,5. Counseling & Helping Conversations,5.16,Real Student Session - Reattempt,Demonstration,"Re-conduct a session after feedback, demonstrating improvement.",Yes,Observed-session rubric,Demonstrates measurable improvement against agreed goals.,3,TRUE,Not Started,0,,,,,,No,,Gate / Required,0,
C5,Phase 2 - Skill Development,5. Counseling & Helping Conversations,5.17,Reflection on Counselling Practice,Practice,"Identify what was missed, assumed and changed after feedback.",No,Reflection + supervision discussion,Shows accurate self-observation and learning.,1,FALSE,Not Started,0,,,,,,No,,Development,0,
C5,Phase 2 - Skill Development,"7. Collaboration, Parent Communication & External Referral",7.3,Teacher Consultation Role Play,Practice,Discuss a student concern without diagnosing or labelling.,No,Role-play rubric,Communicates objectively and protects student dignity.,2,FALSE,Not Started,0,,,,,,No,,Development,0,
C5,Phase 2 - Skill Development,"7. Collaboration, Parent Communication & External Referral",7.4,Parent Meeting Role Play,Practice,"Respond when a parent asks for diagnosis, immediate action or a guarantee.",Yes,Role-play rubric,Maintains boundaries; does not diagnose or overpromise.,2,TRUE,Not Started,0,,,,,,No,,Gate / Required,0,
C5,Phase 2 - Skill Development,"7. Collaboration, Parent Communication & External Referral",7.5,Difficult Parent Case,Demonstration,Respond when a parent disagrees with the counsellor's recommendation.,No,Case simulation rubric,"Explains rationale, listens, maintains boundaries and seeks consultation.",2,FALSE,Not Started,0,,,,,,No,,Development,0,
C5,Phase 2 - Skill Development,"7. Collaboration, Parent Communication & External Referral",7.6,External Referral Simulation,Demonstration,"Explain why referral is recommended, the process and the counsellor's continuing role.",Yes,Referral simulation rubric,Correctly identifies need for external support and explains role boundaries.,2,TRUE,Not Started,0,,,,,,No,,Gate / Required,0,
C6,Phase 3 - Supervised Practice,"6. Intervention Planning, Follow-up & Case Management",6.1,Goal Setting,Demonstration,Define what change/progress would look like for a case.,Yes,Counselling plan,"Goals are clear, realistic and linked to formulation.",2,TRUE,Not Started,0,,,,,,No,,Gate / Required,0,
C6,Phase 3 - Supervised Practice,"6. Intervention Planning, Follow-up & Case Management",6.2,Supervised Intervention,Demonstration,Conduct at least one supervised intervention/session.,Yes,Observed session + plan,Intervention is appropriate and linked to case formulation.,3,TRUE,Not Started,0,,,,,,No,,Gate / Required,0,
C6,Phase 3 - Supervised Practice,"6. Intervention Planning, Follow-up & Case Management",6.3,Follow-up,Demonstration,Review progress with student and relevant stakeholders.,Yes,Follow-up record,Follow-up occurs and evidence is documented.,2,TRUE,Not Started,0,,,,,,No,,Gate / Required,0,
C6,Phase 3 - Supervised Practice,"6. Intervention Planning, Follow-up & Case Management",6.4,Re-plan,Demonstration,Modify intervention when evidence suggests it is not working.,No,Revised plan + case discussion,Uses evidence to modify intervention.,2,FALSE,Not Started,0,,,,,,No,,Development,0,
C6,Phase 3 - Supervised Practice,"6. Intervention Planning, Follow-up & Case Management",6.5,Closure/Referral Decision,Demonstration,"Decide whether to continue, modify, close or refer and justify the decision.",Yes,Decision rationale + TL review,Decision is justified and appropriately escalated.,2,TRUE,Not Started,0,,,,,,No,,Gate / Required,0,
C6,Phase 3 - Supervised Practice,8. Life Class / Preventive Well-being Programme,8.1,Observe Life Class 1,Learning exposure,"Observe one Life Class, ideally from a different section/grade.",No,Observation record,"Identifies purpose, facilitation and engagement strategies.",1,FALSE,Not Started,0,,,,,,No,,Development,0,
C6,Phase 3 - Supervised Practice,8. Life Class / Preventive Well-being Programme,8.2,Observe Life Class 2,Learning exposure,"Observe a second Life Class, ideally a different programme/grade.",No,Observation record,Identifies age/context adaptations.,1,FALSE,Not Started,0,,,,,,No,,Development,0,
C6,Phase 3 - Supervised Practice,8. Life Class / Preventive Well-being Programme,8.3,Needs Assessment,Practice,Examine how student/teacher needs inform Life Class topics.,No,Needs assessment note,Links topic choice to identified need.,1,FALSE,Not Started,0,,,,,,No,,Development,0,
C7,Phase 3 - Supervised Practice,8. Life Class / Preventive Well-being Programme,8.4,Design One Life Class,Demonstration,"Design a Life Class with objective, activity, facilitation plan, engagement and evidence of learning.",No,Session plan,"Clear purpose, age appropriateness and meaningful engagement.",2,FALSE,Not Started,0,,,,,,No,,Development,0,
C7,Phase 3 - Supervised Practice,8. Life Class / Preventive Well-being Programme,8.5,Life Class Rehearsal,Practice,Rehearse the session for TL/team.,No,Rehearsal rubric,Facilitates clearly and adapts appropriately.,1,FALSE,Not Started,0,,,,,,No,,Development,0,
C7,Phase 3 - Supervised Practice,8. Life Class / Preventive Well-being Programme,8.6,Feedback & Redesign,Practice,Improve the Life Class based on feedback.,No,Feedback + revised plan,Makes meaningful changes rather than cosmetic edits.,1,FALSE,Not Started,0,,,,,,No,,Development,0,
C7,Phase 3 - Supervised Practice,8. Life Class / Preventive Well-being Programme,8.7,Deliver/Co-facilitate,Demonstration,Conduct an actual Life Class where appropriate.,No,Observation rubric,Engages students and adapts rather than simply following a script.,2,FALSE,Not Started,0,,,,,,No,,Development,0,
C7,Phase 3 - Supervised Practice,8. Life Class / Preventive Well-being Programme,8.8,Evaluate Life Class,Demonstration,Collect evidence of student/teacher response and reflect on effectiveness.,No,Evaluation record,Uses evidence to identify what to retain/change.,1,FALSE,Not Started,0,,,,,,No,,Development,0,
C7,Phase 3 - Supervised Practice,9. Professional Learning & Applied Resources,9.1,Counselor Handbook Application,Practice,Identify 3 principles from the handbook and demonstrate where they apply in practice.,No,Application discussion,Connects principles to actual practice.,1,FALSE,Not Started,0,,,,,,No,,Development,0,
C7,Phase 3 - Supervised Practice,9. Professional Learning & Applied Resources,9.2,Five Selected Counseling Modules,Learning exposure,Complete at least 5 relevant modules and discuss application with TL.,No,Module record + discussion,Demonstrates application rather than submission alone.,1,FALSE,Not Started,0,,,,,,No,,Development,0,
C7,Phase 3 - Supervised Practice,9. Professional Learning & Applied Resources,9.3,Video/Case Resource Analysis,Practice,Analyse a counselling demonstration for specific counsellor behaviours.,No,Analysis + discussion,Identifies specific behaviours and their impact.,1,FALSE,Not Started,0,,,,,,No,,Development,0,
C7,Phase 3 - Supervised Practice,9. Professional Learning & Applied Resources,9.4,FS Teacher Training Toolbox,Learning exposure,"Complete selected relevant topics such as sexuality education, learning disabilities, cyber safety and POCSO.",Yes,Completion record + application discussion,Understands school-relevant content and application.,1,TRUE,Not Started,0,,,,,,No,,Gate / Required,0,
C7,Phase 3 - Supervised Practice,9. Professional Learning & Applied Resources,9.5,Professional Reading,Learning exposure,Use selected resources such as Dibs/Tarshi books as supporting professional learning.,No,Reading/application discussion,Connects learning to practice.,0,FALSE,Not Started,0,,,,,,No,,Development,0,
C8,Phase 3 - Supervised Practice,"6. Intervention Planning, Follow-up & Case Management",6.6,Supervised Case Review,Demonstration,"Review an active supervised case with TL: formulation, intervention, follow-up and next step.",Yes,Case review rubric,Demonstrates coherent case management and knows when to seek supervision.,2,TRUE,Not Started,0,,,,,,No,,Gate / Required,0,
C8,Phase 3 - Supervised Practice,"6. Intervention Planning, Follow-up & Case Management",6.7,Case Documentation Audit,Demonstration,Audit documentation from an active supervised case and correct any gaps.,Yes,Documentation audit,"Objective, relevant, confidential and complete.",1,TRUE,Not Started,0,,,,,,No,,Gate / Required,0,
C8,Phase 3 - Supervised Practice,"7. Collaboration, Parent Communication & External Referral",7.7,Collaboration in an Actual Case,Demonstration,Participate in an appropriate teacher/parent/stakeholder conversation under supervision.,Yes,Meeting observation,"Communicates objectively, maintains boundaries and protects confidentiality.",2,TRUE,Not Started,0,,,,,,No,,Gate / Required,0,
C8,Phase 3 - Supervised Practice,9. Professional Learning & Applied Resources,9.6,Professional Learning Discussion,Practice,Discuss one applied learning point with TL and identify how it changes practice.,No,Discussion record,Demonstrates transfer from learning to practice.,0,FALSE,Not Started,0,,,,,,No,,Development,0,
C8,Phase 3 - Supervised Practice,"1. Role, Scope, Ethics & Professional Boundaries",1.5,School-Specific Policy/Viva,Demonstration,"Complete scenario-based viva on school policies, values, boundaries, confidentiality and escalation.",Yes,Viva rubric,No critical error; knows school-specific procedures.,0,TRUE,Not Started,0,,,,,,No,,Gate / Required,0,
C8,Phase 3 - Supervised Practice,2. Fountainhead Well-being Ecosystem & Response System,2.6,Case Referral in Presence of Experienced Counsellor,Demonstration,Work through an actual/representative referral process with an experienced counsellor and complete observation.,Yes,Observed referral + case sheet,"Correctly identifies pathway, stakeholders and escalation.",0,TRUE,Not Started,0,,,,,,No,,Gate / Required,0,
C9,Phase 4 - Independent Readiness,10. Final Professional Readiness Demonstration - Graduation Presentation,10.1,Professional Case Cycle,Final verification,Complete referral/concern → information gathering → student voice → formulation → goal → intervention → collaboration → documentation → follow-up → outcome → closure/next step.,Yes,Anonymised case portfolio,"Integrated, safe and coherent professional judgement.",1,TRUE,Not Started,0,,,,,,No,,Gate / Required,0,
C9,Phase 4 - Independent Readiness,10. Final Professional Readiness Demonstration - Graduation Presentation,10.2,Final Observed Session,Final verification,Conduct an independent session with an actual student where appropriate.,Yes,Final observation rubric,Meets competent standard across counselling skills; no critical error.,1,TRUE,Not Started,0,,,,,,No,,Gate / Required,0,
C9,Phase 4 - Independent Readiness,10. Final Professional Readiness Demonstration - Graduation Presentation,10.3,Case Conference,Final verification,Present and defend professional decisions.,Yes,Case conference rubric,"Explains reasoning, evidence, limitations and next steps.",1,TRUE,Not Started,0,,,,,,No,,Gate / Required,0,
C9,Phase 4 - Independent Readiness,10. Final Professional Readiness Demonstration - Graduation Presentation,10.4,Complex Case Simulation,Final verification,Respond to an unexpected development/change in a case.,Yes,Simulation rubric,"Adapts safely, escalates appropriately and maintains boundaries.",1,TRUE,Not Started,0,,,,,,No,,Gate / Required,0,
C9,Phase 4 - Independent Readiness,10. Final Professional Readiness Demonstration - Graduation Presentation,10.5,Readiness Viva,Final verification,"Answer scenario-based questions covering role, boundaries, intervention and referral.",Yes,Viva rubric,Demonstrates independent professional judgement.,1,TRUE,Not Started,0,,,,,,No,,Gate / Required,0,
C9,Phase 4 - Independent Readiness,10. Final Professional Readiness Demonstration - Graduation Presentation,10.6,CPP / Post-vention SOP,Final verification,Demonstrate knowledge of the school's CPP and post-vention SOP through scenario-based assessment.,Yes,Scenario rubric + viva,Correctly follows school SOP and escalation requirements.,1,TRUE,Not Started,0,,,,,,No,,Gate / Required,0,
C9,Phase 4 - Independent Readiness,10. Final Professional Readiness Demonstration - Graduation Presentation,10.7,Professional Reflection,Practice,"Reflect on learning, professional growth and strategies that could be used by the team.",No,Reflection + discussion,Shows accurate self-assessment and identifies transferable practice.,0,FALSE,Not Started,0,,,,,,No,,Development,0,
C10,Phase 4 - Independent Readiness,10. Final Professional Readiness Demonstration - Graduation Presentation,10.8,Graduation Presentation,Final verification,Present one strategy/learning that could be applied in the team; format/stakeholders to be decided by school.,No,Presentation rubric,"Clear, relevant and useful contribution to team learning.",0,FALSE,Not Started,0,,,,,,No,,Development,0,
C10,Phase 4 - Independent Readiness,10. Final Professional Readiness Demonstration - Graduation Presentation,10.9,Final Portfolio Audit,Final verification,Review complete training evidence with TL before final sign-off.,Yes,Portfolio checklist,All mandatory evidence present; unresolved gaps identified.,0,TRUE,Not Started,0,,,,,,No,,Gate / Required,0,
C10,Phase 4 - Independent Readiness,10. Final Professional Readiness Demonstration - Graduation Presentation,10.1,Principal Readiness Sign-off,Final verification,"Principal reviews competency summary, critical gates and TL recommendation.",Yes,Sign-off record,Confirms institutional readiness for independent practice.,0,TRUE,Not Started,0,,,,,,No,,Gate / Required,0,
C10,Phase 4 - Independent Readiness,10. Final Professional Readiness Demonstration - Graduation Presentation,10.11,Supervision Plan,Final verification,Set ongoing supervision arrangement and first review point after onboarding.,Yes,Supervision plan,Counsellor has an identified supervisor and review cadence.,0,TRUE,Not Started,0,,,,,,No,,Gate / Required,0,