Setting,Value,How to Use
Programme duration,10 cycles x 6 working days = 60 working days,Formal maximum onboarding framework; not a mandatory waiting period.
Training completion,Weighted sum of task completion,Answers: Have they completed the training activities?
Competency assessment,Weighted assessed competency score,Answers: Can they demonstrate the required skills?
Competency scale,1 = Not yet competent; 2 = Developing; 3 = Competent; 4 = Proficient,"Use with observed work, simulations, case reviews and other evidence."
Case readiness,Not Cleared / Supervised Practice / Independent,"Readiness is a gate, not simply a percentage."
Critical gate rule,Mandatory safety-critical competencies must be passed before independent cases,A high overall percentage cannot compensate for a failed safety-critical competency.
Suggested critical gates,Confidentiality; safeguarding/escalation; boundaries; referral; documentation; basic counselling skills; case formulation; knowing when to seek supervision; school-specific policies/SOPs,Minimum safe practice before independent caseload.
Team Leader role,Primary competency assessor,"Observes performance, provides feedback and recommends readiness."
Principal role,Institutional readiness sign-off,"Reviews competency summary, critical gates and TL recommendation."
Ongoing supervision,Separate from onboarding score,Maintain ongoing supervision after onboarding; at least monthly can be used as the school's baseline if adopted.
Learning exposure,L,"Reading, observation, shadowing, orientation."
Practice,P,"Role play, rehearsal, simulation, supervised practice."
Demonstration,D,Observed real-world performance or assessed case work.
Final verification,F,"Final observed session, case conference, simulation, viva, portfolio."
Experienced hire pathway,Assess -> identify gaps -> mandatory safety gates -> observed demonstration -> supervised cases -> readiness,Do not force experienced counsellors to repeat unnecessary basic exposure; assess competence instead.
Urgent/short-notice hire pathway,Mandatory safety gate first; supervised cases while remaining training continues,Urgency does not automatically grant independent case clearance.
Recording sessions,Use only where school consent/privacy/safeguarding requirements permit; live observation or supervisor observation can be alternatives,Do not make recording the default requirement.
Final readiness evidence,Observed session + case conference + complex case simulation + viva + portfolio + principal sign-off,"Integrated evidence of professional judgement, safe practice and follow-through."