Training Topic,Weightage
"1. Role, Scope, Ethics & Professional Boundaries",10%
2. Fountainhead Well-being Ecosystem & Response System,10%
3. School Systems & Documentation Systems,8%
4. Understanding & Formulating a Student Case,12%
5. Counseling & Helping Conversations,20%
"6. Intervention Planning, Follow-up & Case Management",12%
"7. Collaboration, Parent Communication & External Referral",10%
8. Life Class / Preventive Well-being Programme,8%
9. Professional Learning & Applied Resources,3%
10. Final Professional Readiness Demonstration - Graduation Presentation,7%
TOTAL,100%